{
    "accuracy": 0.9900839054157132,
    "precision": 0.9903277166170543,
    "recall": 0.9900839054157132,
    "f1_score": 0.9900915169477775,
    "timestamp": "2025-04-27 16:26:48"
}